{"monst3r_ate": 0.005422888331683455, "monst3r_rpe_trans": 0.0014563958616093215, "monst3r_rpe_rot": 1.4090898831366654, "refined_ate": 0.0042710230584939845, "refined_rpe_trans": 0.002039761174611929, "refined_rpe_rot": 0.61024949926511, "gs_ate": 0.003628750095672826, "gs_rpe_trans": 0.0031756265793458417, "gs_rpe_rot": 0.6113933324932858, "cf_ate": null, "cf_rpe_trans": null, "cf_rpe_rot": null, "droid_ate": null, "droid_rpe_trans": null, "droid_rpe_rot": null, "monst3r_velocity_diff": 0.021531376962060048, "refined_velocity_diff": 0.013797675305061255, "gs_velocity_diff": 0.0476495860385785, "cf_velocity_diff": null, "droid_velocity_diff": null}