{"mem": 4.448269367218018, "ellipse_time": 95.44521975517273, "num_GS": 153116}