{"mem": 17.77318286895752, "ellipse_time": 112.51416277885437, "num_GS": 198321}